timestamp,fire_count,fire_frp_sum,fire_brightness_sum
2025-01-01 13:00:00,7,40.38,2341.4300000000003
2025-01-02 01:00:00,4,3.61,1212.8
2025-01-02 12:00:00,4,11.690000000000001,1309.48
2025-01-03 14:00:00,2,4.61,660.28
2025-01-04 01:00:00,2,5.99,607.1500000000001
2025-01-04 02:00:00,6,9.450000000000001,1825.09
2025-01-04 13:00:00,22,187.8,7366.3
2025-01-05 02:00:00,5,4.25,1498.12
2025-01-05 13:00:00,68,256.85,22477.87
2025-01-06 02:00:00,11,16.11,3387.69
2025-01-06 13:00:00,26,79.6,8594.53
2025-01-07 01:00:00,1,1.18,301.89
2025-01-07 13:00:00,12,62.19,3991.87
2025-01-08 01:00:00,7,5.96,2129.63
2025-01-08 03:00:00,2,1.99,597.56
2025-01-08 12:00:00,28,90.32000000000001,9351.45
2025-01-08 14:00:00,19,113.61,6371.54
2025-01-09 01:00:00,7,14.67,2138.48
2025-01-09 02:00:00,15,19.8,4606.47
2025-01-09 12:00:00,2,21.17,681.52
2025-01-09 14:00:00,37,178.97,12384.7
2025-01-10 02:00:00,9,8.66,2706.89
2025-01-10 13:00:00,31,144.55,10329.31
2025-01-11 02:00:00,13,24.89,4066.79
2025-01-11 13:00:00,20,55.83,6591.99
2025-01-12 01:00:00,1,0.77,301.18
2025-01-12 13:00:00,1,5.3,346.11
2025-01-13 01:00:00,9,6.73,2700.76
2025-01-13 03:00:00,4,4.01,1194.01
2025-01-13 12:00:00,10,34.52,3303.49
2025-01-13 14:00:00,5,21.73,1681.52
2025-01-14 01:00:00,1,1.23,306.81
2025-01-14 02:00:00,6,4.76,1791.28
2025-01-14 14:00:00,20,90.6,6741.1
2025-01-15 02:00:00,21,21.91,6311.26
2025-01-15 13:00:00,36,165.73,11981.59
2025-01-16 02:00:00,8,11.76,2432.91
2025-01-16 13:00:00,16,70.23,5302.8099999999995
2025-01-17 01:00:00,9,6.3,2715.29
2025-01-17 13:00:00,16,58.69,5286.55
2025-01-18 01:00:00,7,72.88000000000001,2228.9
2025-01-18 03:00:00,1,3.06,302.36
2025-01-18 12:00:00,1,4.19,335.14
2025-01-19 01:00:00,3,3.08,919.9300000000001
2025-01-19 02:00:00,2,0.77,596.97
2025-01-19 03:00:00,8,21.59,2532.86
2025-01-19 12:00:00,11,32.52,3643.33
2025-01-19 14:00:00,22,82.38,7362.18
2025-01-20 02:00:00,3,3.5300000000000002,893.65
2025-01-20 13:00:00,62,267.3,20655.57
2025-01-21 02:00:00,9,7.01,2691.26
2025-01-21 13:00:00,93,420.63,30913.54
2025-01-22 02:00:00,27,25.07,8128.12
2025-01-22 13:00:00,143,567.23,47487.0
2025-01-23 01:00:00,13,15.18,3907.3199999999997
2025-01-23 03:00:00,1,1.3,296.44
2025-01-23 13:00:00,72,339.03000000000003,24082.42
2025-01-24 01:00:00,2,2.23,610.87
2025-01-24 03:00:00,9,16.98,2735.48
2025-01-24 12:00:00,29,80.81,9665.23
2025-01-24 14:00:00,33,180.41,11103.98
2025-01-25 01:00:00,1,2.13,303.22
2025-01-25 02:00:00,18,16.01,5411.78
2025-01-25 12:00:00,7,42.15,2336.08
2025-01-25 14:00:00,116,629.84,39082.1
2025-01-26 02:00:00,30,50.01,9122.21
2025-01-26 13:00:00,137,728.23,45689.53
2025-01-27 02:00:00,96,108.06,29292.54
2025-01-27 13:00:00,180,749.6,60331.36
2025-01-28 01:00:00,65,98.06,19738.62
2025-01-28 13:00:00,107,564.47,35705.15
2025-01-29 01:00:00,10,12.14,2982.69
2025-01-29 12:00:00,29,146.86,9731.6
2025-01-30 01:00:00,2,2.6399999999999997,600.69
2025-01-30 02:00:00,16,25.14,4892.81
2025-01-30 12:00:00,18,94.39,6000.31
2025-01-30 14:00:00,65,293.65,22003.63
2025-01-31 02:00:00,12,18.5,3647.1800000000003
2025-01-31 13:00:00,78,313.26,25987.66
2025-02-01 02:00:00,15,11.27,4496.72
2025-02-01 13:00:00,115,395.46999999999997,38108.52
2025-02-02 01:00:00,12,9.65,3602.38
2025-02-02 13:00:00,98,366.78,32445.03
2025-02-03 01:00:00,21,27.119999999999997,6378.71
2025-02-03 03:00:00,2,3.6799999999999997,622.0
2025-02-03 12:00:00,63,351.04,21051.97
2025-02-03 14:00:00,6,29.619999999999997,2009.16
2025-02-04 01:00:00,12,37.81,3759.02
2025-02-04 02:00:00,6,18.73,1883.54
2025-02-04 12:00:00,12,56.019999999999996,3963.16
2025-02-04 14:00:00,16,71.22,5458.66
2025-02-05 02:00:00,7,6.92,2094.9
2025-02-05 13:00:00,38,264.99,12732.49
2025-02-06 02:00:00,17,19.31,5132.08
2025-02-06 13:00:00,81,357.68,27093.59
2025-02-07 02:00:00,12,10.54,3621.34
2025-02-07 13:00:00,80,355.96,26671.66
2025-02-08 01:00:00,8,9.92,2416.25
2025-02-08 13:00:00,45,156.51,14923.24
2025-02-08 14:00:00,3,20.24,1015.24
2025-02-09 01:00:00,3,2.42,898.74
2025-02-09 03:00:00,3,1.85,899.1800000000001
2025-02-09 12:00:00,59,263.38,19887.96
2025-02-09 14:00:00,45,393.11,15285.83
2025-02-10 01:00:00,1,0.82,295.35
2025-02-10 02:00:00,13,13.66,3904.8
2025-02-10 14:00:00,52,418.79,17551.66
2025-02-11 02:00:00,30,33.25,9110.24
2025-02-11 13:00:00,72,325.08,23968.41
2025-02-12 02:00:00,40,37.75,12104.28
2025-02-12 13:00:00,146,731.66,49055.2
2025-02-13 01:00:00,29,34.21,8820.960000000001
2025-02-13 13:00:00,56,273.4,18720.7
2025-02-14 01:00:00,35,72.16,10737.02
2025-02-14 03:00:00,5,20.22,1571.92
2025-02-14 12:00:00,44,262.89,14869.69
2025-02-14 14:00:00,18,96.78,6015.56
2025-02-15 01:00:00,4,2.99,1204.34
2025-02-15 02:00:00,9,15.129999999999999,2733.49
2025-02-15 12:00:00,13,77.53999999999999,4390.36
2025-02-15 14:00:00,49,170.67000000000002,16490.65
2025-02-16 02:00:00,11,12.27,3315.53
2025-02-16 13:00:00,15,91.82,5019.46
2025-02-17 02:00:00,35,30.689999999999998,10555.35
2025-02-17 13:00:00,126,505.99,42216.52
2025-02-18 01:00:00,9,7.85,2714.01
2025-02-18 13:00:00,124,587.6,41443.02
2025-02-19 01:00:00,40,44.4,12050.77
2025-02-19 03:00:00,5,7.0,1488.07
2025-02-19 12:00:00,25,209.14000000000001,8455.34
2025-02-20 01:00:00,1,0.95,295.26
2025-02-20 03:00:00,1,1.03,295.97
2025-02-20 12:00:00,1,2.31,326.49
2025-02-20 14:00:00,2,9.59,670.6500000000001
2025-02-21 02:00:00,12,17.19,3643.11
2025-02-21 13:00:00,12,89.6,4040.59
2025-02-22 02:00:00,12,13.48,3665.44
2025-02-22 13:00:00,13,65.50999999999999,4326.36
2025-02-23 02:00:00,17,21.66,5142.32
2025-02-23 13:00:00,76,231.64000000000001,25225.72
2025-02-24 01:00:00,13,11.9,3908.12
2025-02-24 13:00:00,39,156.49,12997.61
2025-02-25 01:00:00,16,15.58,4897.87
2025-02-25 12:00:00,15,42.7,5016.6
2025-02-25 14:00:00,3,10.08,992.73
2025-02-26 12:00:00,2,8.18,657.22
2025-02-26 14:00:00,10,46.03,3370.08
2025-02-28 13:00:00,22,242.54,7629.58
2025-03-01 01:00:00,6,6.39,1834.54
2025-03-01 13:00:00,3,7.84,1003.7
2025-03-02 01:00:00,6,6.069999999999999,1816.21
2025-03-02 03:00:00,3,2.21,904.8000000000001
2025-03-02 12:00:00,13,33.35,4367.29
2025-03-02 14:00:00,3,7.67,991.0899999999999
2025-03-03 01:00:00,3,2.32,890.03
2025-03-03 02:00:00,11,8.81,3294.9300000000003
2025-03-03 12:00:00,3,15.36,997.53
2025-03-03 14:00:00,14,44.08,4672.27
2025-03-04 02:00:00,6,7.47,1835.14
2025-03-04 13:00:00,39,217.82999999999998,13070.460000000001
2025-03-05 02:00:00,23,15.94,6927.19
2025-03-05 13:00:00,86,479.56,28794.9
2025-03-06 01:00:00,17,15.39,5157.139999999999
2025-03-06 13:00:00,70,410.81,23418.52
2025-03-07 01:00:00,19,12.02,5681.03
2025-03-07 03:00:00,1,1.08,297.74
2025-03-07 12:00:00,38,193.55,12706.19
2025-03-07 14:00:00,6,37.25,2023.79
2025-03-08 01:00:00,11,8.45,3317.96
2025-03-08 02:00:00,5,4.96,1518.51
2025-03-08 03:00:00,1,0.73,300.06
2025-03-08 12:00:00,21,123.67,7116.02
2025-03-08 14:00:00,31,159.18,10466.82
2025-03-09 01:00:00,2,3.01,607.75
2025-03-09 02:00:00,12,8.68,3598.33
2025-03-09 13:00:00,15,66.62,5026.03
2025-03-10 02:00:00,2,2.02,603.9
2025-03-10 13:00:00,53,191.46,17666.58
2025-03-11 02:00:00,14,10.379999999999999,4239.56
2025-03-11 13:00:00,13,37.82,4303.68
2025-03-12 01:00:00,12,12.55,3681.2200000000003
2025-03-12 13:00:00,29,125.39,9729.55
2025-03-13 01:00:00,6,5.43,1814.5700000000002
2025-03-13 03:00:00,4,2.33,1202.67
2025-03-13 12:00:00,25,274.44,8328.85
2025-03-13 14:00:00,10,144.19,3520.45
2025-03-14 02:00:00,7,7.53,2127.09
2025-03-14 12:00:00,1,5.43,332.6
2025-03-14 14:00:00,12,50.04,4023.2
2025-03-15 02:00:00,4,3.0,1212.48
2025-03-15 13:00:00,3,10.96,996.98
2025-03-16 02:00:00,18,12.76,5464.06
2025-03-16 13:00:00,45,230.41,15066.07
2025-03-17 01:00:00,17,12.719999999999999,5119.26
2025-03-17 13:00:00,28,108.13,9371.56
2025-03-18 01:00:00,6,4.34,1796.75
2025-03-18 03:00:00,2,3.23,605.1500000000001
2025-03-18 12:00:00,22,77.72,7405.66
2025-03-18 14:00:00,10,40.81,3323.68
2025-03-19 01:00:00,3,3.16,894.15
2025-03-19 02:00:00,7,6.2,2094.22
2025-03-19 12:00:00,2,9.120000000000001,653.29
2025-03-19 14:00:00,32,139.39,10874.06
2025-03-20 02:00:00,26,42.69,8029.66
2025-03-20 13:00:00,51,305.75,17230.26
2025-03-21 02:00:00,34,24.5,10336.42
2025-03-21 13:00:00,68,303.22,23028.3
2025-03-22 01:00:00,12,8.57,3619.98
2025-03-22 13:00:00,38,178.82999999999998,12745.03
2025-03-23 01:00:00,14,14.68,4246.02
2025-03-23 03:00:00,4,6.21,1211.51
2025-03-23 12:00:00,44,271.03000000000003,14920.73
2025-03-23 14:00:00,3,25.62,1034.92
2025-03-24 01:00:00,6,5.85,1804.49
2025-03-24 02:00:00,10,9.05,3000.63
2025-03-24 12:00:00,21,77.42,7015.94
2025-03-24 14:00:00,18,74.36,6056.13
2025-03-25 02:00:00,6,5.82,1804.16
2025-03-25 13:00:00,15,72.15,5060.84
2025-03-26 02:00:00,11,12.61,3383.6
2025-03-26 13:00:00,28,109.79,9446.15
2025-03-27 02:00:00,19,17.48,5785.51
2025-03-27 13:00:00,42,225.68,14164.07
2025-03-28 01:00:00,12,10.92,3641.74
2025-03-28 13:00:00,34,149.75,11458.8
2025-03-28 14:00:00,1,5.67,334.27
2025-03-29 01:00:00,17,14.379999999999999,5131.3
2025-03-29 03:00:00,7,41.62,2250.65
2025-03-29 12:00:00,20,107.48,6809.59
2025-03-29 14:00:00,12,104.27,4086.33
2025-03-30 01:00:00,1,0.67,295.29
2025-03-30 02:00:00,25,37.78,7637.09
2025-03-30 12:00:00,8,76.49,2717.84
2025-03-30 14:00:00,60,308.06,20584.24
2025-03-31 02:00:00,16,17.07,4824.6
2025-03-31 13:00:00,48,380.54,16287.06
2025-04-01 02:00:00,30,32.89,9186.98
2025-04-01 13:00:00,50,224.65,16987.78
2025-04-02 01:00:00,37,232.0,11381.99
2025-04-02 13:00:00,47,364.89,15907.47
2025-04-03 01:00:00,31,52.05,9504.16
2025-04-03 03:00:00,11,21.01,3337.75
2025-04-03 12:00:00,20,95.72,6767.57
2025-04-03 14:00:00,2,19.45,667.72
2025-04-04 01:00:00,21,32.05,6383.76
2025-04-04 02:00:00,22,18.97,6658.6
2025-04-04 12:00:00,16,92.52,5420.66
2025-04-04 14:00:00,40,206.45,13626.2
2025-04-05 02:00:00,37,41.87,11256.95
2025-04-05 13:00:00,40,253.66,13643.18
2025-04-06 02:00:00,40,40.88,12222.62
2025-04-06 13:00:00,49,231.98999999999998,16586.16
2025-04-07 01:00:00,38,48.92,11713.06
2025-04-07 13:00:00,52,432.77000000000004,17727.21
2025-04-08 01:00:00,24,29.47,7321.74
2025-04-08 12:00:00,20,96.99,6757.66
2025-04-09 01:00:00,2,2.71,610.5899999999999
2025-04-09 02:00:00,3,9.850000000000001,952.23
2025-04-09 12:00:00,5,13.88,1661.15
2025-04-09 14:00:00,4,16.39,1353.38
2025-04-10 02:00:00,1,0.9,301.44
2025-04-10 13:00:00,11,66.95,3742.29
2025-04-11 02:00:00,19,22.060000000000002,5809.4400000000005
2025-04-11 13:00:00,15,64.76,5084.67
2025-04-12 02:00:00,13,12.600000000000001,3987.88
2025-04-12 13:00:00,16,64.01,5406.43
2025-04-13 01:00:00,8,7.41,2443.45
2025-04-13 13:00:00,34,142.17,11471.15
2025-04-14 01:00:00,5,2.9299999999999997,1526.21
2025-04-14 03:00:00,1,1.16,305.78
2025-04-14 12:00:00,15,66.88,5109.92
2025-04-14 14:00:00,9,62.5,3099.9700000000003
2025-04-15 01:00:00,13,152.17000000000002,4168.57
2025-04-15 02:00:00,16,173.54,4988.95
2025-04-15 14:00:00,29,207.48999999999998,9802.54
2025-04-16 02:00:00,17,63.160000000000004,5309.31
2025-04-16 13:00:00,46,355.06,15711.37
2025-04-17 02:00:00,54,246.04,17091.57
2025-04-17 13:00:00,38,174.4,12942.52
2025-04-18 01:00:00,9,15.38,2799.84
2025-04-18 13:00:00,39,166.07999999999998,13188.48
2025-04-19 01:00:00,5,12.55,1564.4099999999999
2025-04-19 03:00:00,8,26.44,2489.31
2025-04-19 12:00:00,65,396.42,22425.27
2025-04-19 14:00:00,31,331.77,10797.76
2025-04-20 01:00:00,7,16.89,2177.95
2025-04-20 02:00:00,4,4.35,1234.69
2025-04-20 12:00:00,19,189.54000000000002,6532.7
2025-04-20 14:00:00,84,1010.47,28822.36
2025-04-21 02:00:00,12,33.89,3729.45
2025-04-21 13:00:00,99,1265.3899999999999,34267.45
2025-04-22 02:00:00,43,80.2,13445.4
2025-04-22 13:00:00,90,938.07,31500.74
2025-04-23 01:00:00,55,51.65,16854.17
2025-04-23 13:00:00,149,2898.67,52082.22
2025-04-24 01:00:00,73,111.72,22525.91
2025-04-24 03:00:00,5,10.26,1502.53
2025-04-24 12:00:00,234,2098.88,81174.28
2025-04-24 14:00:00,43,513.72,15018.96
2025-04-25 01:00:00,66,145.5,20369.86
2025-04-25 02:00:00,42,68.5,12947.72
2025-04-25 03:00:00,32,66.59,9963.55
2025-04-25 12:00:00,169,2361.42,58880.62
2025-04-25 14:00:00,390,3740.98,136618.12
2025-04-26 01:00:00,18,37.4,5473.21
2025-04-26 02:00:00,158,270.2,48752.52
2025-04-26 12:00:00,3,19.979999999999997,1000.8599999999999
2025-04-26 13:00:00,293,3274.26,101047.19
2025-04-27 02:00:00,239,663.11,74562.84
2025-04-27 13:00:00,552,5974.66,192037.77
2025-04-28 02:00:00,323,535.81,101295.81
2025-04-28 13:00:00,265,4307.36,92302.68
2025-04-29 01:00:00,185,338.47,57825.32
2025-04-29 03:00:00,8,19.69,2453.96
2025-04-29 13:00:00,592,4329.0,202282.6
2025-04-29 14:00:00,23,179.41,7834.64
2025-04-30 01:00:00,99,155.21,30650.54
2025-04-30 03:00:00,45,61.24,13911.35
2025-04-30 12:00:00,416,2348.88,141261.09
2025-04-30 14:00:00,289,1808.89,99059.69
2025-05-01 01:00:00,8,13.93,2462.41
2025-05-01 02:00:00,103,150.76,31859.53
2025-05-01 12:00:00,28,269.05,9465.63
2025-05-01 14:00:00,617,4571.68,210024.64
2025-05-02 02:00:00,5,4.4,1509.44
2025-05-02 13:00:00,45,215.28,15255.29
2025-05-03 02:00:00,5,7.2,1557.32
2025-05-03 13:00:00,67,567.89,22829.79
2025-05-04 01:00:00,12,10.88,3642.25
2025-05-04 13:00:00,864,4520.21,293099.13
2025-05-05 03:00:00,1,1.71,306.77
2025-05-05 12:00:00,74,465.07,25250.51
2025-05-05 14:00:00,53,257.91,17876.84
2025-05-06 01:00:00,1,0.27,296.85
2025-05-06 02:00:00,14,12.66,4239.01
2025-05-06 12:00:00,38,295.31,12801.82
2025-05-06 14:00:00,468,2462.65,158928.34
2025-05-07 02:00:00,22,23.43,6721.45
2025-05-07 13:00:00,1265,9115.56,429661.01
2025-05-08 02:00:00,22,21.12,6737.41
2025-05-08 13:00:00,638,3583.55,216804.03
2025-05-09 01:00:00,21,19.4,6501.74
2025-05-09 13:00:00,616,4421.67,208368.35
2025-05-10 01:00:00,20,43.16,6224.33
2025-05-10 12:00:00,1506,8086.2,512150.11
2025-05-10 14:00:00,275,2284.59,93198.04
2025-05-11 01:00:00,23,28.39,7008.6
2025-05-11 02:00:00,10,11.1,3105.8
2025-05-11 03:00:00,15,18.47,4631.2
2025-05-11 12:00:00,1151,6766.85,389642.12
2025-05-11 14:00:00,2256,11025.79,771258.79
2025-05-12 02:00:00,12,21.21,3711.8
2025-05-12 13:00:00,1709,10989.58,583759.79
2025-05-13 02:00:00,39,114.37,12141.69
2025-05-13 13:00:00,2793,17107.23,955533.55
2025-05-14 02:00:00,104,439.19,32572.93
2025-05-14 13:00:00,2255,19028.09,774750.23
2025-05-15 01:00:00,95,162.7,29561.15
2025-05-15 03:00:00,4,9.11,1222.3
2025-05-15 13:00:00,2194,15489.5,749923.27
2025-05-15 14:00:00,75,774.78,25399.1
2025-05-16 01:00:00,167,251.83,51672.1
2025-05-16 03:00:00,101,124.01,31204.84
2025-05-16 12:00:00,1513,7524.45,515196.23
2025-05-16 14:00:00,1040,5396.67,354894.79
2025-05-17 01:00:00,3,11.43,939.01
2025-05-17 02:00:00,84,151.83,26274.41
2025-05-17 12:00:00,59,424.48,19898.94
2025-05-17 14:00:00,1224,9878.34,419652.81
2025-05-18 02:00:00,61,93.83,19026.25
2025-05-18 13:00:00,1505,11411.13,516779.18
2025-05-19 02:00:00,61,84.19,19044.45
2025-05-19 13:00:00,348,2464.46,119140.56
2025-05-20 01:00:00,25,59.21,7912.1
2025-05-20 13:00:00,814,5716.06,278554.33
2025-05-21 01:00:00,13,22.87,4019.6
2025-05-21 03:00:00,8,18.06,2504.38
2025-05-21 12:00:00,450,1942.25,153287.89
2025-05-21 14:00:00,128,730.21,43589.18
2025-05-22 01:00:00,9,50.37,2889.81
2025-05-22 02:00:00,13,43.36,4111.33
2025-05-22 12:00:00,43,355.01,14535.06
2025-05-22 14:00:00,258,1713.9,87767.77
2025-05-23 02:00:00,7,8.84,2159.1800000000003
2025-05-23 13:00:00,405,2927.13,138080.21
2025-05-24 02:00:00,32,52.75,10045.71
2025-05-24 13:00:00,258,1629.94,87931.99
2025-05-25 01:00:00,4,4.73,1247.8
2025-05-25 13:00:00,137,669.97,46284.02
2025-05-26 01:00:00,4,4.63,1228.26
2025-05-26 12:00:00,286,1488.95,97607.74
2025-05-26 14:00:00,52,335.94,17597.41
2025-05-27 01:00:00,2,2.6,619.46
2025-05-27 03:00:00,3,4.89,930.13
2025-05-27 12:00:00,80,474.77,27030.35
2025-05-27 14:00:00,202,938.41,69028.12
2025-05-28 02:00:00,11,17.71,3378.04
2025-05-28 13:00:00,285,2080.79,97775.94
2025-05-29 02:00:00,13,20.87,4057.7200000000003
2025-05-29 13:00:00,248,2063.79,85522.76
2025-05-30 02:00:00,121,428.86,38574.38
2025-05-30 13:00:00,34,470.15,11659.72
2025-05-31 01:00:00,4,4.84,1254.8
2025-05-31 13:00:00,90,506.63,30551.05
2025-06-01 01:00:00,7,8.41,2132.9
2025-06-01 03:00:00,6,4.11,1837.61
2025-06-01 12:00:00,87,385.65,29460.49
2025-06-01 14:00:00,89,635.73,30636.12
2025-06-02 02:00:00,11,21.060000000000002,3381.74
2025-06-02 14:00:00,139,1030.73,47523.82
2025-06-03 02:00:00,6,7.08,1856.65
2025-06-03 13:00:00,49,273.37,16628.54
2025-06-04 02:00:00,10,8.79,3056.91
2025-06-04 13:00:00,17,104.0,5773.29
2025-06-05 01:00:00,7,9.209999999999999,2146.26
2025-06-05 13:00:00,79,391.75,26820.92
2025-06-06 01:00:00,1,0.96,303.63
2025-06-06 12:00:00,67,263.17,22684.88
2025-06-06 14:00:00,19,103.59,6456.85
2025-06-07 01:00:00,1,3.62,325.68
2025-06-07 02:00:00,3,3.6799999999999997,925.04
2025-06-07 12:00:00,5,19.16,1672.6200000000001
2025-06-07 14:00:00,36,144.16,12242.1
2025-06-08 02:00:00,10,26.17,3125.99
2025-06-08 13:00:00,117,727.04,39964.09
2025-06-09 02:00:00,24,40.550000000000004,7547.63
2025-06-09 13:00:00,55,453.44,19081.23
2025-06-10 01:00:00,37,106.26,11739.51
2025-06-10 13:00:00,125,895.97,42823.06
2025-06-11 01:00:00,13,16.24,4043.2
2025-06-11 03:00:00,2,8.54,638.48
2025-06-11 12:00:00,140,917.81,47859.77
2025-06-11 14:00:00,38,189.09,12816.13
2025-06-12 01:00:00,2,2.85,625.73
2025-06-12 03:00:00,7,12.74,2186.84
2025-06-12 12:00:00,69,407.15,23460.35
2025-06-12 14:00:00,126,513.93,43064.87
2025-06-13 02:00:00,9,29.3,2826.96
2025-06-13 13:00:00,141,1081.94,48088.65
2025-06-13 14:00:00,10,55.89,3426.43
2025-06-14 02:00:00,9,9.29,2775.69
2025-06-14 13:00:00,144,741.28,49012.12
2025-06-15 02:00:00,8,24.15,2491.0
2025-06-15 13:00:00,6,56.839999999999996,2066.97
2025-06-16 01:00:00,1,1.58,305.87
2025-06-16 13:00:00,10,50.7,3395.3
2025-06-17 01:00:00,1,3.04,317.34
2025-06-17 12:00:00,2,36.86,734.0
2025-06-17 14:00:00,2,8.42,671.4200000000001
2025-06-18 14:00:00,174,792.23,58931.77
2025-06-19 02:00:00,4,10.79,1275.6100000000001
2025-06-19 13:00:00,272,1257.69,91951.36
2025-06-20 02:00:00,4,3.95,1240.24
2025-06-21 01:00:00,3,5.23,922.83
2025-06-21 13:00:00,130,728.57,43896.4
2025-06-22 01:00:00,4,10.36,1225.24
2025-06-22 12:00:00,2,4.74,664.99
2025-06-23 01:00:00,2,1.03,604.96
2025-06-23 02:00:00,3,3.09,920.6099999999999
2025-06-23 14:00:00,34,128.47,11413.61
2025-06-24 02:00:00,1,1.08,302.89
2025-06-24 13:00:00,44,234.4,14859.31
2025-06-25 02:00:00,2,4.25,632.31
2025-06-26 01:00:00,1,2.68,306.2
2025-06-27 01:00:00,5,14.1,1543.63
2025-06-27 12:00:00,11,81.88,3697.2799999999997
2025-06-28 03:00:00,1,1.39,303.66
2025-06-28 12:00:00,2,9.04,661.29
2025-06-28 14:00:00,2,5.18,671.11
2025-06-29 13:00:00,13,59.199999999999996,4360.57
2025-06-30 02:00:00,1,1.92,307.92
2025-06-30 13:00:00,2,5.62,667.49
2025-07-01 02:00:00,3,24.76,945.8199999999999
2025-07-01 13:00:00,1,2.67,331.87
2025-07-02 01:00:00,2,3.69,623.96
2025-07-02 13:00:00,21,86.9,7109.34
2025-07-03 01:00:00,1,0.81,304.4
2025-07-03 12:00:00,2,12.1,663.23
2025-07-03 14:00:00,28,111.64,9472.01
2025-07-04 01:00:00,1,5.28,309.11
2025-07-04 02:00:00,3,7.79,923.55
2025-07-04 14:00:00,89,345.58,30001.9
2025-07-08 14:00:00,1,5.6,332.15
2025-07-09 02:00:00,4,27.47,1273.57
2025-07-11 02:00:00,2,2.91,622.1300000000001
2025-07-11 13:00:00,5,19.99,1685.62
2025-07-12 13:00:00,9,38.64,3029.87
2025-07-13 12:00:00,1,5.25,330.31
2025-07-15 02:00:00,1,1.44,304.37
2025-07-16 02:00:00,1,0.34,300.35
2025-07-16 13:00:00,2,10.35,672.0899999999999
2025-07-17 02:00:00,1,1.6,304.93
2025-07-19 01:00:00,3,3.63,917.9000000000001
2025-07-20 02:00:00,6,11.11,1846.42
2025-07-20 14:00:00,1,1.65,330.91
2025-07-21 02:00:00,3,7.0600000000000005,944.4100000000001
2025-07-25 02:00:00,1,0.75,300.41
2025-07-26 02:00:00,2,1.21,621.62
2025-07-27 02:00:00,3,1.7199999999999998,933.22
2025-07-27 13:00:00,1,3.39,330.13
2025-07-28 13:00:00,5,13.46,1672.95
2025-07-29 01:00:00,1,2.35,308.15
2025-07-31 02:00:00,1,4.08,307.62
2025-08-01 02:00:00,1,1.92,309.48
2025-08-02 02:00:00,3,3.73,921.01
2025-08-03 01:00:00,1,1.64,307.6
2025-08-04 01:00:00,1,1.45,305.46
2025-08-05 02:00:00,1,0.68,304.07
2025-08-05 14:00:00,3,13.4,1011.3
2025-08-06 02:00:00,3,4.5,917.51
2025-08-06 13:00:00,2,2.62,661.78
2025-08-07 02:00:00,7,9.0,2146.44
2025-08-08 01:00:00,3,3.87,924.74
2025-08-08 13:00:00,1,3.63,331.86
2025-08-10 01:00:00,1,4.36,295.49
2025-08-10 02:00:00,1,0.79,298.52
2025-08-10 14:00:00,1,1.46,333.19
2025-08-11 02:00:00,1,1.27,306.56
2025-08-11 13:00:00,1,8.28,342.68
2025-08-12 02:00:00,1,1.57,311.45
2025-08-13 13:00:00,1,3.92,343.29
2025-08-16 02:00:00,1,4.03,309.2
2025-08-17 02:00:00,1,2.37,308.46
2025-08-18 02:00:00,3,4.199999999999999,916.1800000000001
2025-08-18 13:00:00,1,5.46,331.19
2025-08-20 01:00:00,1,0.24,302.27
2025-08-21 01:00:00,1,0.65,304.68
2025-08-21 02:00:00,4,4.95,1252.59
2025-08-21 14:00:00,3,19.270000000000003,1021.29
2025-08-22 02:00:00,10,12.61,3079.08
2025-08-22 13:00:00,5,25.96,1677.76
2025-08-23 02:00:00,2,2.29,621.88
2025-08-24 01:00:00,1,1.37,302.46
2025-08-27 02:00:00,1,1.19,303.22
2025-08-29 01:00:00,1,1.15,303.34
2025-08-30 01:00:00,3,6.71,948.03
2025-08-31 01:00:00,2,1.21,599.89
2025-08-31 03:00:00,1,1.93,319.34
2025-09-01 02:00:00,2,3.75,619.39
2025-09-03 02:00:00,1,1.37,307.85
2025-09-04 01:00:00,1,1.4,302.18
2025-09-05 01:00:00,2,1.37,609.27
2025-09-05 03:00:00,3,1.37,911.37
2025-09-07 02:00:00,2,3.1,615.4000000000001
2025-09-08 02:00:00,7,6.17,2155.45
2025-09-08 13:00:00,3,13.120000000000001,1010.51
2025-09-09 01:00:00,3,1.82,907.5699999999999
2025-09-10 01:00:00,2,1.49,606.94
2025-09-11 02:00:00,1,1.28,311.42
2025-09-11 14:00:00,1,3.93,331.53
2025-09-12 02:00:00,5,6.55,1539.99
2025-09-12 13:00:00,3,8.49,1003.3299999999999
2025-09-13 02:00:00,9,9.8,2773.9300000000003
2025-09-13 13:00:00,4,16.080000000000002,1342.57
2025-09-14 01:00:00,4,5.37,1237.8
2025-09-14 13:00:00,9,49.29,3012.24
2025-09-15 01:00:00,2,3.27,616.64
2025-09-15 12:00:00,9,48.760000000000005,3031.75
2025-09-15 14:00:00,3,18.64,991.3199999999999
2025-09-16 03:00:00,2,1.98,616.12
2025-09-16 12:00:00,1,7.02,337.72
2025-09-16 14:00:00,22,139.28,7578.87
2025-09-17 02:00:00,1,1.31,308.47
2025-09-17 13:00:00,1,6.92,334.38
2025-09-17 14:00:00,20,87.23,6743.91
2025-09-18 02:00:00,7,12.0,2194.9
2025-09-18 13:00:00,23,74.75,7720.67
2025-09-19 02:00:00,4,2.35,1233.5
2025-09-19 13:00:00,9,51.67,3016.04
2025-09-20 01:00:00,1,0.29,305.94
2025-09-20 13:00:00,3,12.99,1011.72
2025-09-21 03:00:00,1,0.58,303.21
2025-09-21 12:00:00,6,21.22,2008.44
2025-09-21 14:00:00,3,23.759999999999998,1044.38
2025-09-22 02:00:00,1,0.7,309.45
2025-09-22 14:00:00,23,136.95,7812.67
2025-09-23 02:00:00,6,8.85,1853.76
2025-09-23 13:00:00,24,108.93,8122.39
2025-09-24 02:00:00,4,6.21,1247.18
2025-09-24 13:00:00,62,271.02,20996.09
2025-09-25 01:00:00,2,2.61,615.31
2025-09-25 13:00:00,23,96.53999999999999,7743.93
2025-09-26 01:00:00,4,6.77,1265.48
2025-09-26 03:00:00,1,1.04,304.32
2025-09-26 12:00:00,19,76.42999999999999,6422.6
2025-09-26 14:00:00,2,7.6899999999999995,662.5699999999999
2025-09-27 14:00:00,32,170.5,10828.92
2025-09-28 02:00:00,5,5.99,1535.4
2025-09-28 13:00:00,69,308.52,23143.24
2025-09-29 02:00:00,9,11.07,2797.4
2025-09-29 13:00:00,88,430.42,29490.21
2025-09-30 01:00:00,4,3.17,1218.9
2025-09-30 13:00:00,30,146.72,10101.6
2025-10-01 01:00:00,1,0.96,305.77
2025-10-01 12:00:00,30,131.60999999999999,10173.74
2025-10-01 14:00:00,4,29.53,1364.17
2025-10-02 01:00:00,4,4.02,1220.36
2025-10-02 12:00:00,4,18.0,1334.2
2025-10-02 14:00:00,43,216.41,14741.61
2025-10-03 02:00:00,6,11.78,1853.65
2025-10-03 14:00:00,77,522.4,25911.57
2025-10-04 02:00:00,9,8.17,2752.06
2025-10-04 13:00:00,157,609.11,52747.87
2025-10-05 02:00:00,8,7.390000000000001,2459.15
2025-10-05 13:00:00,47,159.03,15746.94
2025-10-08 01:00:00,5,33.85,1579.33
2025-10-08 02:00:00,5,4.63,1544.52
2025-10-08 14:00:00,10,41.44,3366.96
2025-10-09 02:00:00,23,19.44,6994.79
2025-10-09 13:00:00,62,384.21999999999997,20891.11
2025-10-10 02:00:00,14,8.82,4254.79
2025-10-10 13:00:00,116,585.63,39148.57
2025-10-11 01:00:00,5,7.000000000000001,1536.01
2025-10-11 13:00:00,94,471.23,31785.81
2025-10-12 01:00:00,6,5.09,1818.5
2025-10-12 12:00:00,58,292.03,19754.58
2025-10-12 14:00:00,52,262.59,17651.05
2025-10-13 02:00:00,7,5.17,2129.38
2025-10-13 12:00:00,5,28.22,1659.19
2025-10-13 14:00:00,107,612.42,36086.47
2025-10-14 02:00:00,11,9.19,3348.21
2025-10-14 13:00:00,215,1108.28,72358.11
2025-10-15 02:00:00,23,20.36,7066.44
2025-10-15 13:00:00,253,1152.22,85040.6
2025-10-16 01:00:00,3,1.12,902.9200000000001
2025-10-16 02:00:00,7,8.31,2169.28
2025-10-16 13:00:00,231,1159.47,78087.6
2025-10-17 01:00:00,6,8.93,1857.97
2025-10-17 12:00:00,104,359.33,35149.26
2025-10-17 14:00:00,57,436.72,19438.61
2025-10-18 01:00:00,1,1.16,305.87
2025-10-18 03:00:00,4,4.54,1235.33
2025-10-18 12:00:00,28,172.51,9430.94
2025-10-18 14:00:00,201,816.51,68426.88
2025-10-19 02:00:00,5,2.71,1507.05
2025-10-19 14:00:00,333,1877.82,112199.48
2025-10-20 02:00:00,13,10.200000000000001,3988.15
2025-10-20 13:00:00,456,1923.46,153480.03
2025-10-21 02:00:00,12,10.219999999999999,3658.52
2025-10-21 13:00:00,268,1333.21,90008.38
2025-10-22 01:00:00,9,10.32,2739.13
2025-10-22 13:00:00,173,1056.66,58516.08
2025-10-22 14:00:00,24,177.25,8143.47
2025-10-23 01:00:00,3,4.91,929.9100000000001
2025-10-23 03:00:00,3,4.970000000000001,954.14
2025-10-23 12:00:00,56,301.47,18969.920000000002
2025-10-23 14:00:00,156,790.53,53220.76
2025-10-24 01:00:00,1,1.15,301.28
2025-10-24 02:00:00,5,3.12,1509.84
2025-10-24 12:00:00,2,7.02,652.26
2025-10-24 14:00:00,260,1393.25,88024.22
2025-10-25 02:00:00,10,8.58,3036.69
2025-10-25 13:00:00,394,1889.6399999999999,132664.75
2025-10-26 02:00:00,22,31.73,6750.13
2025-10-26 13:00:00,495,2417.28,166682.91
2025-10-27 01:00:00,14,11.6,4253.69
2025-10-27 13:00:00,149,817.21,50327.94
2025-10-28 01:00:00,7,5.91,2144.01
2025-10-28 03:00:00,1,1.16,302.01
2025-10-28 12:00:00,58,229.48,19667.03
2025-10-28 14:00:00,73,475.75,24882.12
2025-10-29 01:00:00,1,0.82,300.85
2025-10-29 02:00:00,2,1.12,599.02
2025-10-29 12:00:00,5,26.91,1656.73
2025-10-29 14:00:00,256,1899.41,87594.77
2025-10-30 02:00:00,5,4.26,1515.8
2025-10-30 13:00:00,392,2307.16,132035.76
2025-10-31 02:00:00,11,7.26,3333.75
2025-10-31 13:00:00,663,3112.64,223279.55
2025-11-01 01:00:00,1,0.52,303.97
2025-11-01 02:00:00,10,11.99,3070.22
2025-11-01 13:00:00,430,2472.54,145100.63
2025-11-02 01:00:00,9,6.69,2735.11
2025-11-02 12:00:00,310,1753.72,105902.19
2025-11-02 14:00:00,126,1128.39,43237.79
2025-11-03 01:00:00,3,3.28,923.97
2025-11-03 03:00:00,7,5.79,2135.23
2025-11-03 12:00:00,36,250.55,12266.53
2025-11-03 14:00:00,290,1380.55,100024.31
2025-11-04 02:00:00,6,4.05,1793.9299999999998
2025-11-04 14:00:00,432,2886.53,145986.02
2025-11-05 02:00:00,19,11.91,5731.36
2025-11-05 13:00:00,516,2474.63,173452.02
2025-11-06 02:00:00,47,79.27,14388.58
2025-11-06 13:00:00,382,1999.85,128237.79
2025-11-07 01:00:00,13,11.4,3902.65
2025-11-07 13:00:00,260,1580.37,88015.49
2025-11-07 14:00:00,22,164.02,7500.35
2025-11-08 01:00:00,16,22.35,4927.49
2025-11-08 03:00:00,11,13.73,3322.02
2025-11-08 12:00:00,103,535.59,35034.2
2025-11-08 14:00:00,303,1861.16,104827.39
2025-11-09 02:00:00,23,73.49,7003.9400000000005
2025-11-09 12:00:00,7,123.96000000000001,2383.39
2025-11-09 14:00:00,512,2887.55,173522.36
2025-11-10 02:00:00,38,40.83,11506.52
2025-11-10 13:00:00,458,2057.15,153876.85
2025-11-11 02:00:00,28,41.35,8495.96
2025-11-11 13:00:00,437,2009.43,146824.29
2025-11-13 01:00:00,12,17.3,3668.32
2025-11-13 03:00:00,3,3.61,914.24
2025-11-13 12:00:00,99,381.92,33599.17
2025-11-13 14:00:00,105,780.75,36198.62
2025-11-14 01:00:00,3,3.72,913.1
2025-11-14 02:00:00,4,3.67,1195.56
2025-11-14 12:00:00,9,44.81,3004.0299999999997
2025-11-14 14:00:00,183,1493.28,62269.36
2025-11-15 02:00:00,13,9.97,3887.5299999999997
2025-11-15 13:00:00,246,1640.41,82787.98
2025-11-16 02:00:00,25,18.55,7561.54
2025-11-16 13:00:00,337,1300.17,113348.2
2025-11-17 01:00:00,1,0.79,303.35
2025-11-17 02:00:00,21,50.849999999999994,6388.25
2025-11-17 13:00:00,131,605.51,43939.68
2025-11-18 01:00:00,17,18.01,5176.43
2025-11-18 12:00:00,53,236.39,17904.47
2025-11-18 14:00:00,19,212.14000000000001,6646.03
2025-11-19 01:00:00,14,13.78,4203.23
2025-11-19 03:00:00,9,7.029999999999999,2688.76
2025-11-19 12:00:00,15,61.37,4995.75
2025-11-19 14:00:00,62,331.49,21388.84
2025-11-20 02:00:00,12,24.44,3701.78
2025-11-20 14:00:00,84,391.26,28198.9
2025-11-21 02:00:00,20,16.44,6019.69
2025-11-21 13:00:00,128,576.59,42885.38
2025-11-22 02:00:00,16,13.379999999999999,4837.88
2025-11-22 13:00:00,95,335.99,31613.59
2025-11-23 01:00:00,9,7.18,2704.06
2025-11-23 13:00:00,39,118.07,13018.8
2025-11-23 14:00:00,9,77.62,3068.29
2025-11-24 01:00:00,10,9.68,3046.39
2025-11-24 03:00:00,2,2.2,603.3599999999999
2025-11-24 12:00:00,10,30.36,3322.16
2025-11-24 14:00:00,31,168.56,10628.57
2025-11-25 01:00:00,5,21.16,1560.36
2025-11-25 02:00:00,12,19.3,3637.97
2025-11-25 12:00:00,1,7.41,338.19
2025-11-25 14:00:00,48,172.18,16045.0
2025-11-26 02:00:00,16,15.629999999999999,4865.68
2025-11-26 13:00:00,61,230.52,20350.88
2025-11-27 02:00:00,19,13.36,5712.58
2025-11-27 13:00:00,114,542.05,37941.04
2025-11-28 01:00:00,12,9.67,3594.9
2025-11-28 13:00:00,44,415.84000000000003,14789.89
2025-11-29 01:00:00,2,1.3900000000000001,603.49
2025-11-29 03:00:00,2,1.23,594.94
2025-11-29 12:00:00,17,70.96,5702.35
2025-11-29 14:00:00,2,9.969999999999999,677.45
2025-11-30 01:00:00,1,0.97,301.85
2025-11-30 02:00:00,9,8.74,2675.41
2025-11-30 12:00:00,6,43.02,2021.8
2025-11-30 14:00:00,29,437.07,9667.47
2025-12-01 02:00:00,21,107.38,6432.85
2025-12-01 13:00:00,50,246.03,16722.81
2025-12-02 02:00:00,31,28.68,9397.34
2025-12-02 13:00:00,94,291.91,31224.56
2025-12-03 02:00:00,20,15.07,5988.39
2025-12-03 13:00:00,69,233.3,22887.7
2025-12-04 01:00:00,7,6.08,2110.29
2025-12-04 12:00:00,15,48.28,5020.54
2025-12-04 13:00:00,2,3.3899999999999997,654.02
2025-12-04 14:00:00,4,19.310000000000002,1341.8600000000001
2025-12-05 01:00:00,17,27.33,5187.0599999999995
2025-12-05 03:00:00,2,2.67,594.49
2025-12-05 12:00:00,11,31.740000000000002,3630.64
2025-12-05 14:00:00,23,79.06,7726.5199999999995
2025-12-06 02:00:00,15,20.48,4532.71
2025-12-06 14:00:00,22,89.49,7337.929999999999
2025-12-07 02:00:00,27,21.36,8107.58
2025-12-07 13:00:00,65,239.66,21606.94
2025-12-08 02:00:00,12,11.46,3632.22
2025-12-08 13:00:00,62,210.6,20592.94
2025-12-09 01:00:00,25,41.18,7673.85
2025-12-09 03:00:00,4,17.58,1263.66
2025-12-09 13:00:00,39,129.08,12955.87
2025-12-10 01:00:00,17,19.16,5188.72
2025-12-10 12:00:00,41,133.85,13717.27
2025-12-10 14:00:00,15,220.36,5159.67
2025-12-11 01:00:00,4,5.37,1188.49
2025-12-11 02:00:00,13,11.780000000000001,3899.59
2025-12-11 12:00:00,5,53.660000000000004,1723.83
2025-12-11 14:00:00,53,200.09,17834.68
2025-12-12 02:00:00,36,34.62,10834.47
2025-12-12 13:00:00,43,206.67000000000002,14299.49
2025-12-13 02:00:00,28,47.4,8583.81
2025-12-13 13:00:00,33,99.5,10956.5
2025-12-14 01:00:00,24,39.95,7374.76
2025-12-14 13:00:00,31,138.61,10332.1
2025-12-15 01:00:00,6,9.01,1835.96
2025-12-15 03:00:00,4,16.39,1274.0
2025-12-15 12:00:00,28,130.33,9363.71
2025-12-15 14:00:00,5,19.16,1667.95
2025-12-16 01:00:00,43,78.45,13112.06
2025-12-16 02:00:00,44,60.8,13338.49
2025-12-16 12:00:00,18,83.46,5970.64
2025-12-16 14:00:00,51,368.71,17279.52
2025-12-17 02:00:00,55,102.57000000000001,16921.39
2025-12-17 13:00:00,67,435.40999999999997,22462.76
2025-12-18 02:00:00,19,45.129999999999995,5876.95
2025-12-18 13:00:00,19,50.260000000000005,6274.1
2025-12-19 02:00:00,40,49.98,12268.0
2025-12-19 13:00:00,29,238.43,9722.27
2025-12-20 01:00:00,52,98.42,16009.1
2025-12-20 12:00:00,7,28.01,2346.98
2025-12-20 14:00:00,1,9.56,352.02
2025-12-21 03:00:00,1,1.22,296.36
2025-12-21 14:00:00,2,16.41,675.48
2025-12-22 02:00:00,8,10.35,2429.98
2025-12-22 14:00:00,20,98.07000000000001,6630.74
2025-12-23 02:00:00,29,45.29,8868.85
2025-12-23 13:00:00,85,431.92,28163.29
2025-12-24 02:00:00,45,50.09,13763.1
2025-12-24 13:00:00,87,369.77,28910.54
2025-12-25 01:00:00,26,26.22,7788.01
2025-12-25 13:00:00,21,120.59,7003.49
2025-12-25 14:00:00,1,3.82,325.95
2025-12-26 01:00:00,1,0.74,296.11
2025-12-26 12:00:00,6,20.630000000000003,1995.1799999999998
2025-12-26 14:00:00,9,48.49,3030.23
2025-12-27 01:00:00,6,11.38,1803.22
2025-12-27 02:00:00,25,31.09,7642.23
2025-12-27 12:00:00,5,49.13,1676.6399999999999
2025-12-27 14:00:00,39,179.06,13188.19
2025-12-28 02:00:00,25,25.9,7561.49
2025-12-28 13:00:00,49,246.78,16299.99
2025-12-29 02:00:00,51,57.95,15601.79
2025-12-29 13:00:00,45,245.54999999999998,15245.23
2025-12-30 01:00:00,58,88.23,17722.77
2025-12-30 13:00:00,22,188.63,7388.6
2025-12-31 01:00:00,27,63.3,8305.98
2025-12-31 12:00:00,1,3.53,325.47
2026-01-01 01:00:00,7,11.370000000000001,2103.98
